Title,URL,Price,Availability,Rating,UPC,Product Type,Price (excl. tax),Price (incl. tax),Tax,Number of reviews,Description
Libertarianism for Beginners,http://books.toscrape.com/catalogue/libertarianism-for-beginners_982/index.html,£51.33,In stock (19 available),2,a18a4f574854aced,Books,£51.33,£51.33,£0.00,0,"Libertarianism isn't about winning elections; it is first and foremost a political philosophy--a description of how, in the opinion of libertarians, free people ought to treat one another, at least when they use the law, which they regard as potentially dangerous. If libertarians are correct, the law should intrude into people's lives as little as possible, rarely telling Libertarianism isn't about winning elections; it is first and foremost a political philosophy--a description of how, in the opinion of libertarians, free people ought to treat one another, at least when they use the law, which they regard as potentially dangerous. If libertarians are correct, the law should intrude into people's lives as little as possible, rarely telling them what to do or how to live.A political and economic philosophy as old as John Locke and John Stuart Mill, but as alive and timely as Rand Paul, the Tea Party, and the novels of Ayn Rand, libertarianism emphasizes individual rights and calls for a radical reduction in the power and size of government. ""Libertarianism For Beginners"" lays out the history and principles of this often-misunderstood philosophy in lucid, dispassionate terms that help illuminate today's political dialogue."" ...more"
It's Only the Himalayas,http://books.toscrape.com/catalogue/its-only-the-himalayas_981/index.html,£45.17,In stock (19 available),2,a22124811bfa8350,Books,£45.17,£45.17,£0.00,0,"“Wherever you go, whatever you do, just . . . don’t do anything stupid.” —My MotherDuring her yearlong adventure backpacking from South Africa to Singapore, S. Bedford definitely did a few things her mother might classify as ""stupid."" She swam with great white sharks in South Africa, ran from lions in Zimbabwe, climbed a Himalayan mountain without training in Nepal, and wa “Wherever you go, whatever you do, just . . . don’t do anything stupid.” —My MotherDuring her yearlong adventure backpacking from South Africa to Singapore, S. Bedford definitely did a few things her mother might classify as ""stupid."" She swam with great white sharks in South Africa, ran from lions in Zimbabwe, climbed a Himalayan mountain without training in Nepal, and watched as her friend was attacked by a monkey in Indonesia.But interspersed in those slightly more crazy moments, Sue Bedfored and her friend ""Sara the Stoic"" experienced the sights, sounds, life, and culture of fifteen countries. Joined along the way by a few friends and their aging fathers here and there, Sue and Sara experience the trip of a lifetime. They fall in love with the world, cultivate an appreciation for home, and discover who, or what, they want to become.It's Only the Himalayas is the incredibly funny, sometimes outlandish, always entertaining confession of a young backpacker that will inspire you to take your own adventure. ...more"
In Her Wake,http://books.toscrape.com/in-her-wake_980/index.html,£12.84,In stock,1,,,,,,,
How Music Works,http://books.toscrape.com/how-music-works_979/index.html,£37.32,In stock,2,,,,,,,
"Foolproof Preserving: A Guide to Small Batch Jams, Jellies, Pickles, Condiments, and More: A Foolproof Guide to Making Small Batch Jams, Jellies, Pickles, Condiments, and More",http://books.toscrape.com/foolproof-preserving-a-guide-to-small-batch-jams-jellies-pickles-condiments-and-more-a-foolproof-guide-to-making-small-batch-jams-jellies-pickles-condiments-and-more_978/index.html,£30.52,In stock,3,,,,,,,
Chase Me (Paris Nights #2),http://books.toscrape.com/chase-me-paris-nights-2_977/index.html,£25.27,In stock,5,,,,,,,
Black Dust,http://books.toscrape.com/black-dust_976/index.html,£34.53,In stock,5,,,,,,,
Birdsong: A Story in Pictures,http://books.toscrape.com/birdsong-a-story-in-pictures_975/index.html,£54.64,In stock,3,,,,,,,
America's Cradle of Quarterbacks: Western Pennsylvania's Football Factory from Johnny Unitas to Joe Montana,http://books.toscrape.com/americas-cradle-of-quarterbacks-western-pennsylvanias-football-factory-from-johnny-unitas-to-joe-montana_974/index.html,£22.50,In stock,3,,,,,,,
